[
  {
    "option_text": "MVVM",
    "question_id": 1,
    "is_correct": true
  },
  {
    "option_text": "MVP",
    "question_id": 1,
    "is_correct": false
  },
  {
    "option_text": "MVC",
    "question_id": 1,
    "is_correct": false
  },
  {
    "option_text": "Data Manager",
    "question_id": 2,
    "is_correct": true
  },
  {
    "option_text": "View",
    "question_id": 2,
    "is_correct": false
  },
  {
    "option_text": "ViewModel",
    "question_id": 2,
    "is_correct": false
  },
  {
    "option_text": "It created a readable code.",
    "question_id": 5,
    "is_correct": true
  },
  {
    "option_text": "It is highly testable.",
    "question_id": 5,
    "is_correct": true
  },
  {
    "option_text": "It provides reusable code.",
    "question_id": 5,
    "is_correct": true
  },
  {
    "option_text": "Linus Torvalds",
    "question_id": 6,
    "is_correct": true
  },
  {
    "option_text": "Janishar Ali",
    "question_id": 6,
    "is_correct": false
  },
  {
    "option_text": "Amit Shekhar",
    "question_id": 6,
    "is_correct": false
  },
  {
    "option_text": "None",
    "question_id": 7,
    "is_correct": false
  },
  {
    "option_text": "Mindorks",
    "question_id": 7,
    "is_correct": true
  },
  {
    "option_text": "Google",
    "question_id": 7,
    "is_correct": false
  }
]